,Emission
IT700,622.076666666667
UK16,507.109878283801
UK377,423.288370784505
UK316,445.143244896092
322,644.0
69,365.0
103,386.0
239,338.0
UK13,701.477748596256
IT730,603.299333333333
UK25,675.27983736911
UK70,431.790591971917
IT696,466.334090909091
IT770,631.522435897436
398,555.0
UK379,346.904520304326
633,418.0
116_c,437.51
IT627,357.015350877193
UK182,564.389007056625
UK32,417.707976208871
IT453,275.833333333333
699,336.0
159,442.0
IT718,336.697771672772
705,409.0
UK82,443.986820580474
IT660,456.306862745098
UK244,561.640036352829
IT422,269.633333333333
628,334.0
516,371.0
UK89,348.339959989195
221,483.0
UK161,384.331821672207
IT784,480.304385964912
685,315.0
IT437,235.566666666667
UK72,578.707929632416
305,451.0
117_c,319.51
315,383.0
IT577,230.82
212,373.0
UK389,341.437969862353
IT716,409.238095238095
187,299.0
144,336.0
238,376.0
UK209,412.12564012
402,371.0
645,393.0
IT574,402.142857142857
UK167,396.911240425357
IT438,182.66875
711,403.0
205,418.0
140_c,378.51
241,332.0
03_J,628.0
469,374.0
IT526,320.261688311688
IT440,255.778125
UK69,390.464015851934
IT425,318.225833333333
IT713,450.5
IT497,476.416893424036
UK58,389.080437337734
426,340.0
IT484,442.355882352941
IT477,401.872222222222
170_c,383.51
404,376.0
155_c,502.51
727,400.0
13_J,606.0
192,390.0
620,445.0
UK133,455.61959378418
UK2,432.434984277338
70,362.0
382,388.0
IT485,455.805555555556
14_J,511.0
IT554,312.552941176471
481,341.0
UK213,441.057486962884
IT651,352.084259259259
161,401.0
228,336.0
137,385.0
515,344.0
735,392.0
UK189,518.742318125472
252,393.0
IT761,490.747142857143
UK146,363.133397501067
414,409.0
230,299.0
UK339,396.616231021851
76,365.0
IT418,314.035087719298
UK141,400.942798467152
466,447.0
UK197,452.351132038194
IT707,496.595238095238
UK42,425.248573364932
198,382.0
767,388.0
IT556,392.357291666667
285,417.0
UK304,418.297548729224
328,451.0
655,429.0
IT509,361.181818181818
UK177,478.688201796914
IT542,388.59375
UK222,344.587270846382
UK303,333.089409559447
IT687,355.875
IT466,260.803921568627
IT427,387.588541666667
130,414.0
IT1009,582.061333333333
UK297,337.59481197472
210,349.0
17_J,557.0
226,357.0
UK354,377.06042474
248,406.0
UK326,360.448307970878
177,562.0
UK0,403.375693411887
82,418.0
362,284.0
IT426,234.679487179487
IT433,235.222549019608
IT691,457.763157894737
UK172,523.987300468067
UK396,475.625165950035
IT731,559.018115942029
UK229,386.818993530153
148,398.0
IT592,177.623714285714
700,346.0
474,469.0
674,373.0
UK215,455.320217608232
IT538,323.382352941176
UK28,492.922327883639
168,316.0
772,328.0
651,344.0
165,347.0
425,321.0
202_c,433.51
147_c,468.51
120,299.0
654,361.0
IT1011,582.260317460317
UK162,383.508795316398
IT492,563.479166666667
353,317.0
UK394,313.152447450106
120_c,407.51
IT551,343.36568627451
178,319.0
40_J,539.0
30_J,507.0
688,366.0
UK227,323.404960428048
IT780,555.59375
208,330.0
659,330.0
279,423.0
UK1004,328.134632542914
UK386,315.595151295921
456,455.0
57,391.0
IT681,406.779166666667
UK312,324.848510044739
UK64,463.814515670085
UK61,414.623623123856
250,331.0
IT711,469.333333333333
IT489,427.806481481481
UK170,459.827023843271
703,405.0
UK38,515.522043476803
187_c,373.51
UK288,481.43240002
648,331.0
IT712,541.192307692308
IT481,409.234077380952
UK10,387.504878040515
450,401.0
222,381.0
730,318.0
IT581,298.551333333333
IT797,545.773368606702
457,405.0
99,340.0
60,462.0
537,413.0
62,337.0
97,324.0
UK1000,319.045587564735
IT490,475.867904761905
IT444,355.532222222222
641,507.0
UK388,414.173516442107
698,390.0
UK125,444.651974804009
468,306.0
UK280,518.48021259
87,422.0
IT564,300.96875
IT623,378.404385964912
666,416.0
IT588,316.712878787879
UK6,466.649991453759
UK1003,338.707648102996
158_c,519.51
464,320.0
IT570,318.502222222222
339,474.0
UK73,518.513831659149
709,357.0
UK87,433.346547953831
IT528,305.045562770563
563,471.0
IT541,323.62037037037
09_J,605.0
232,375.0
177_c,457.51
IT1007,541.439751552795
IT460,296.419607843137
IT653,332.794444444444
IT778,471.352272727273
227,585.0
UK203,569.038949422083
IT608,268.30641025641
316,448.0
191_c,411.51
112,302.0
488,379.0
IT782,458.492283950617
IT617,370.424603174603
64,331.0
275,342.0
IT1010,545.326086956522
IT658,409.535294117647
259,346.0
IT609,397.057142857143
737,370.0
IT441,293.367708333333
IT406,357.747916666667
750,390.0
IT667,400.449248120301
UK322,357.149799905938
UK200,440.434141142522
UK336,430.764943507866
IT702,443.235238095238
702,443.0
264,345.0
114_c,366.51
UK333,391.785653789185
IT721,403.595238095238
80,424.0
303,514.0
744,439.0
477,373.0
761,403.0
157_c,415.51
194_c,450.51
UK328,320.272824059139
IT548,359.578125
UK257,385.990544748193
380,320.0
IT703,482.7
217,343.0
394,342.0
302,449.0
529,450.0
197,461.0
747,347.0
UK343,466.284109093374
493,417.0
IT498,427.2
388,341.0
IT735,540.632476190476
UK234,331.138093892614
UK139,531.284253427443
647,415.0
UK268,370.759376408258
IT448,227.505555555556
UK370,375.288639066857
728,293.0
UK174,391.053193362566
313,440.0
150,399.0
133_c,410.51
UK24,472.23064878027
UK53,340.636121478598
405,392.0
121_c,433.51
683,367.0
UK94,427.633157988489
126,340.0
UK105,521.798054695372
IT723,472.464054232804
IT428,261.26875
67,434.0
267,402.0
444,386.0
UK324,312.157533934032
UK19,558.229672642448
IT766,539.738
UK100,423.362660557703
UK91,449.548771879653
IT536,358.888888888889
490,331.0
129,408.0
84,441.0
IT751,454.682954545455
IT641,396.681818181818
50,446.0
200_c,408.51
139,328.0
61,427.0
661,428.0
167,349.0
304,439.0
IT698,484.1
635,414.0
UK332,368.539434589526
462,388.0
114,395.0
IT699,448.739583333333
IT579,354.437719298246
IT507,422.606060606061
113_c,334.51
UK66,372.151927103661
UK184,544.914450695534
502,330.0
115,481.0
UK135,416.474347696351
424,388.0
172,418.0
IT468,207.68431372549
291,364.0
348,386.0
IT697,398.775
689,515.0
203,438.0
449,383.0
113,325.0
IT669,325.383333333333
135_c,463.51
IT561,350.627450980392
714,388.0
384,338.0
IT603,337.025694444444
684,502.0
IT512,489.057619047619
IT431,254.125
IT559,306.332633053221
246,358.0
27_J,598.0
224,340.0
152_c,320.51
367,344.0
IT722,478.743181818182
IT562,345.328125
678,319.0
UK17,378.227090291964
UK5,497.046319277666
UK345,523.32989336
171,491.0
IT524,480.927777777778
UK286,607.05932033
IT714,570.2
263,417.0
219,358.0
IT733,380.576169432419
02_J,568.0
UK259,439.558333741948
IT522,386.484090909091
467,490.0
151_c,379.51
314,373.0
329,424.0
UK155,594.589297379638
IT1012,683.234550942884
UK270,380.084683398604
UK192,483.641979086567
UK1005,295.488041277473
755,403.0
307,360.0
UK34,504.296157982324
IT694,476.625
188,307.0
117,414.0
IT743,564.571428571429
IT593,271.19696969697
440,410.0
UK52,441.993736659912
637,442.0
741,359.0
UK63,490.285572067525
282,382.0
IT463,309.701120448179
IT475,447.729166666667
461,484.0
UK75,426.685001717936
IT403,277.136111111111
IT679,317.873684210526
650,527.0
IT1014,524.038612836439
395,401.0
434,341.0
UK225,332.824420026673
361,382.0
UK183,416.914917301615
IT555,327.933333333333
IT423,270.983333333333
IT510,372.841666666667
146,332.0
333,334.0
106,334.0
IT736,463.339682539683
IT416,290.073148148148
UK230,346.864664086923
178_c,383.51
121,362.0
251,363.0
431,352.0
166,288.0
331,455.0
UK23,535.075482335671
UK169,573.8451556497
26_J,569.0
IT1016,541.559523809524
UK116,493.151361288841
146_c,454.51
UK67,401.129790164036
153_c,397.51
301,462.0
708,496.0
IT676,415.875689223058
389,393.0
447,371.0
IT684,318.372976190476
08_J,586.0
201,317.0
373,424.0
392,458.0
91,339.0
IT632,375.006060606061
UK109,485.433305259317
UK8,553.185854122616
UK275,364.838737280915
UK279,328.515042938727
763,388.0
345,302.0
65,382.0
145_c,506.51
UK306,475.449812932338
IT749,454.84375
UK348,418.90399761
33_J,523.0
123_c,387.51
IT744,531.238095238095
IT724,465.737343358396
IT639,337.00641025641
536,403.0
IT709,478.940476190476
IT786,562.162
UK399,284.430156187196
363,405.0
201_c,356.51
202,380.0
235,370.0
86,365.0
IT508,424.483333333333
381,375.0
160,382.0
UK11,473.969054049992
UK258,409.634980294613
196_c,390.51
UK346,403.46763588
UK246,418.973999095893
UK185,553.548927124576
133,381.0
UK298,471.245443482956
UK152,503.588524075478
576,506.0
UK383,330.105530081719
IT673,452.761011904762
496,467.0
IT518,395.879545454545
UK390,452.799141492754
112_c,396.51
138_c,495.51
IT517,355.76746031746
IT464,201.775490196078
IT767,467.161111111111
IT473,339.816666666667
05_J,498.0
UK314,357.109622196786
775,341.0
UK398,329.3265937246
IT792,725.489215686275
IT563,292.333333333333
679,442.0
IT465,247.152240896359
UK114,439.039219722783
UK77,472.696411067433
193_c,333.51
IT505,521.310606060606
UK97,418.275613127644
547,416.0
111_c,385.51
619,444.0
IT467,224.338541666667
432,339.0
IT616,366.302619047619
UK103,445.090436135235
706,357.0
IT760,581.442995169082
UK355,347.70208099
UK207,430.212474655258
UK380,403.373043661864
439,269.0
IT599,424.333333333333
442,398.0
261,327.0
IT412,252.184210526316
IT449,275.308333333333
290,426.0
176_c,400.51
UK372,308.984551650169
IT602,332.835606060606
IT715,456.214285714286
UK123,433.593748338132
324,366.0
07_J,600.0
UK223,386.401108211345
IT487,420.416666666667
413,435.0
453,401.0
IT604,371.087962962963
129_c,331.51
330,420.0
681,408.0
111,430.0
IT545,304.573529411765
UK176,402.406105109717
UK256,383.492708599359
UK329,323.970189271859
376,450.0
668,396.0
UK92,525.897443593284
IT789,399.086363636364
IT573,369.777777777778
109,375.0
79,305.0
660,375.0
406,492.0
240,468.0
98,448.0
IT664,391.723345959596
349,490.0
IT657,476.33522005772
445,489.0
IT746,469.043663859289
UK214,449.353635367527
IT683,318.619047619048
768,434.0
383,332.0
IT558,352.402083333333
675,508.0
UK208,319.59829433309
632,397.0
UK342,418.734832897395
500,349.0
54,475.0
IT695,382.741228070175
IT655,336.063157894737
IT678,414.924242424242
UK151,449.385964008829
IT514,382.068939393939
618,404.0
IT769,524.583333333333
IT652,429.3125
300,363.0
UK98,456.562155442554
IT774,490.297101449275
499,391.0
UK250,438.464034523998
196,357.0
IT634,438.656432748538
IT688,424.46875
IT705,487.857142857143
UK131,571.83866135915
128,300.0
673,402.0
UK21,468.418287582727
UK239,385.940195217426
371,421.0
337,406.0
UK296,434.9683978
IT756,521.646047008547
670,424.0
652,453.0
UK236,370.971554101636
UK1002,320.190258427652
277,334.0
721,432.0
IT409,187.404444444444
UK46,350.314240226827
IT540,265.223684210526
294,400.0
IT659,312.513725490196
UK266,518.516121201512
369,466.0
206_c,526.51
UK31,410.031280177743
119,296.0
IT520,543.127192982456
IT587,278.347222222222
UK30,408.745972684329
UK71,418.580741938221
512,473.0
UK138,487.51409630896
UK150,609.244503465711
UK83,461.05268689122
23_J,567.0
IT742,502.666666666667
751,430.0
437,318.0
UK33,407.413302840364
123,307.0
UK7,518.143218482708
UK51,410.531980160126
472,423.0
418,322.0
93,445.0
417,433.0
115_c,432.51
326,465.0
IT496,420.440476190476
494,310.0
UK242,442.651149300668
IT430,268.769791666667
UK323,338.268619779297
UK293,463.61301775
416,372.0
101,424.0
288,428.0
UK130,523.418069457859
IT643,430.84375
UK300,489.094619981643
625,360.0
UK238,374.356030676784
311,408.0
436,364.0
185,436.0
167_c,369.51
420,367.0
211,354.0
UK219,423.982668684096
IT750,449.485173160173
UK278,385.616707081637
757,469.0
63,392.0
213,487.0
IT452,333.535555555556
IT645,402.731481481481
IT727,620.167543859649
UK79,527.12712443347
IT447,285.482352941176
19_J,511.0
IT571,256.498039215686
553,462.0
UK384,335.894826827488
IT637,401.761111111111
318,409.0
IT553,367.651960784314
IT708,470.405194805195
299,338.0
497,434.0
165_c,315.51
154,434.0
UK12,409.189437299931
UK310,376.326847293084
UK35,479.418363325349
347,464.0
590,515.0
UK115,499.922445860612
578,350.0
753,509.0
IT530,418.377777777778
IT719,464.252976190476
IT578,436.380952380952
UK102,574.788263497441
UK145,503.258063463642
IT482,455.266666666667
IT597,449.35632183908
UK1006,394.493149520417
UK231,317.977666246344
486,415.0
UK22,397.385933941139
UK187,502.429285442397
IT646,446.322829131653
100,322.0
IT648,453.848245614035
UK68,447.781762571653
124_c,417.51
UK121,470.903845229923
194,325.0
346,423.0
676,498.0
629,302.0
20_J,569.0
710,449.0
740,448.0
IT415,276.043518518519
109_c,459.51
377,418.0
774,370.0
145,460.0
370,390.0
72_c,364.51
IT640,393.464746543779
430,385.0
410,379.0
IT407,347.941176470588
722,544.0
589,385.0
IT472,258.919047619048
UK163,436.70622855769
IT486,375.084803921569
31_J,517.0
IT534,261.811111111111
IT457,301.235416666667
IT567,231.415625
UK350,476.93557502
154_c,528.51
UK232,376.683556626834
UK366,403.981526316648
223,404.0
712,321.0
185_c,353.51
174,329.0
24_J,536.0
UK78,519.757811468319
UK112,379.107372340692
IT585,235.736380952381
UK48,373.053482949132
319,387.0
372,346.0
11_J,575.0
IT443,246.935714285714
UK44,523.545991107135
770,530.0
UK283,470.00903827
667,324.0
94,430.0
UK331,392.849240744224
UK202,411.164253836607
397,501.0
141_c,487.51
UK173,472.262516444895
58,382.0
IT471,256.928571428571
IT638,373.958333333333
78,363.0
739,472.0
UK212,457.575890988355
IT606,362.114814814815
340,388.0
UK271,496.188774471924
22_J,617.0
IT595,237.134057971014
475,477.0
IT583,248.772
473,475.0
UK198,489.872864071916
572,364.0
483,371.0
UK126,462.002529603269
IT429,301.737254901961
IT732,443.599142857143
104_c,344.51
443,404.0
IT499,378.933560090703
UK88,437.811712074717
IT546,258.885416666667
504,306.0
278,398.0
IT662,341.697968975469
509,344.0
IT500,392.541829004329
135,297.0
352,398.0
567,360.0
IT436,282.036666666667
IT527,434.353401360544
428,408.0
IT739,383.125
UK59,363.016216963877
UK113,481.04294823966
364,344.0
701,375.0
149_c,354.51
IT547,286.942156862745
411,378.0
296,445.0
195_c,341.51
IT458,220.076923076923
686,499.0
127,316.0
UK164,380.899517299831
UK132,478.311986263939
IT408,264.5275
IT614,379.003623188406
56,318.0
UK93,487.265386259653
UK191,429.362466234423
368,370.0
153,328.0
IT479,441.938756613757
UK284,473.12285053
419,421.0
182_c,440.51
IT775,721.261904761905
356,308.0
538,402.0
UK9,462.46693076935
UK330,310.072411132053
284,321.0
UK57,368.773057642874
287,518.0
283,504.0
UK321,419.242649231907
UK134,494.089812099906
640,440.0
143,325.0
433,304.0
UK204,355.686426985597
IT612,362.043760262726
UK165,362.163960988553
732,359.0
122,360.0
IT532,317.988888888889
IT738,485.617647058824
UK221,334.076387115734
IT633,443.073148148148
487,352.0
IT685,319.608974358974
IT763,651.733333333333
UK27,569.308318838989
465,581.0
423,377.0
UK157,476.657279293771
396,394.0
309,349.0
IT773,538.992753623188
UK40,493.48428755281
534,452.0
108_c,347.51
507,390.0
181,401.0
UK41,385.252563929452
204_c,519.51
UK149,543.325428870755
690,454.0
IT515,408.856060606061
55,333.0
485,472.0
UK264,379.549533611561
UK308,385.091975633281
UK3,420.495228693091
IT607,341.345977011494
186,513.0
256,317.0
UK210,410.872143252884
387,518.0
478,322.0
IT668,385.973185941043
695,385.0
IT417,300.636507936508
UK301,382.430465019463
UK190,431.706298640761
286,372.0
716,385.0
102,351.0
UK45,567.974738577381
UK148,362.873463159431
199_c,481.51
734,381.0
403,388.0
IT765,465.006944444444
470,350.0
IT572,202.038461538462
IT618,347.036507936508
UK201,414.0577844742
378,486.0
UK274,430.514089152651
96,467.0
209,292.0
UK158,448.132784523669
691,450.0
771,350.0
656,350.0
UK233,377.14336940942
UK120,559.37240647811
IT759,563.934970238095
UK86,524.127758161824
UK240,347.560357160181
173_c,372.51
745,382.0
01_J,520.0
16_J,562.0
IT580,305.22219047619
351,453.0
UK318,461.37651762476
726,455.0
729,370.0
760,352.0
UK247,511.649199771423
649,372.0
IT531,315.383333333333
15_J,472.0
245,413.0
IT693,574.605555555556
IT598,431.0
68,520.0
696,571.0
IT650,435.214814814815
UK95,414.624803689219
130_c,375.51
UK90,378.831027271934
IT439,299.877777777778
IT779,489.357142857143
IT537,431.416666666667
671,325.0
UK371,540.090781210295
UK175,406.840529168516
IT663,314.548534798535
460,407.0
UK160,542.729685121018
IT610,347.904865424431
IT586,251.672463768116
677,319.0
IT737,490.822222222222
UK397,336.084138610113
IT728,501.755357142857
IT692,458.222222222222
617,438.0
184_c,459.51
IT414,299.0
IT400,345.287037037037
365,330.0
622,356.0
UK36,283.670635138017
UK188,473.283725650311
510,366.0
759,439.0
UK108,485.532235534145
166_c,486.51
UK26,474.281895840593
UK220,398.104469307827
UK305,386.809838349414
717,430.0
IT445,245.372619047619
UK81,472.241942937535
IT729,576.045454545455
664,325.0
UK260,442.058433687784
IT552,330.702941176471
293,567.0
422,349.0
IT726,730.448717948718
IT768,505.55
UK143,475.840052051949
IT781,500.0
28_J,535.0
IT793,600.58974132863
UK392,393.609718895029
71,451.0
IT434,320.666666666667
327,333.0
IT550,273.372549019608
292,341.0
IT783,389.590020576132
UK62,458.97615780335
UK243,389.863740467912
UK122,434.012817470265
158,376.0
UK50,344.448046165872
IT615,367.014455782313
UK99,389.712950638796
UK217,455.670290925554
344,349.0
200,419.0
73,421.0
IT635,427.557291666667
163,439.0
IT740,480.62962962963
UK290,436.64707977
508,422.0
IT462,204.905555555555
UK37,461.93724886712
UK137,572.030999864372
762,358.0
UK235,320.505890740541
UK255,380.226155680815
575,461.0
IT516,417.008333333333
UK147,372.854716273409
IT753,440.438813303099
IT630,422.692307692308
720,348.0
409,431.0
UK325,321.06477850911
658,336.0
UK43,538.543521618995
454,394.0
320,376.0
UK216,394.871183701386
427,431.0
105,450.0
IT569,335.654166666667
630,415.0
UK307,453.554339420476
273,361.0
IT470,451.434523809524
634,445.0
IT494,613.521590909091
UK378,327.037981523138
195,342.0
38_J,585.0
IT758,486.974637681159
UK118,443.427153091784
IT795,618.578333333333
748,384.0
242,377.0
IT503,424.534166666667
343,332.0
IT787,427.066666666667
37_J,494.0
UK251,452.032310847465
110_c,384.51
UK395,326.514314995925
IT450,258.116666666667
UK110,398.020647665499
IT747,523.87037037037
174_c,306.51
UK294,525.61335957
IT682,371.72
UK107,496.78564786015
IT636,342.074637681159
203_c,368.51
663,349.0
390,321.0
137_c,333.51
225,413.0
769,452.0
UK358,365.64432799
IT451,225.080392156863
IT535,375.222222222222
UK18,446.467652602501
75,342.0
517,318.0
IT605,352.033333333333
258,468.0
IT543,385.989583333333
233,357.0
UK269,391.012810080206
631,387.0
756,403.0
IT631,436.42
IT420,337.263888888889
441,396.0
IT459,224.296078431373
UK211,385.795544863154
UK381,448.391278938425
UK168,421.407477058833
UK60,374.216733444687
IT670,403.516666666667
IT523,316.824242424242
UK104,515.689559495313
713,496.0
715,376.0
UK309,383.421584455053
401,379.0
164_c,377.51
IT628,538.0
325,345.0
UK1001,333.107881619289
UK206,403.275331065225
131,347.0
UK265,449.838765167759
IT772,463.320512820513
UK367,472.589067155453
IT455,272.266666666667
IT560,269.05462962963
621,455.0
128_c,468.51
UK363,405.79369341
UK178,353.603089279895
IT625,410.501333333333
UK142,360.547903282058
06_J,503.0
IT421,245.235714285714
386,320.0
UK311,388.691940634004
UK368,468.771566899129
335,423.0
766,358.0
UK334,381.423075479473
636,413.0
UK327,308.373023850468
272,336.0
UK14,551.895630259107
IT686,329.793207282913
421,447.0
693,429.0
UK349,427.99979168
375,405.0
193,331.0
UK156,417.76155356093
66,336.0
53,454.0
138,374.0
150_c,488.51
247,366.0
IT483,420.758333333333
764,352.0
IT525,425.966829004329
108,488.0
IT704,419.333333333333
511,404.0
IT677,366.582083333333
435,314.0
127_c,325.51
IT788,438.769607843137
480,367.0
519,456.0
513,388.0
680,397.0
156_c,432.51
520,320.0
644,423.0
52,442.0
IT745,433.351
92,403.0
IT785,515.972222222222
587,435.0
IT799,630.312724014337
IT755,456.867647058824
UK29,444.982434570981
UK361,374.64638199
UK179,502.389713722051
39_J,616.0
UK205,615.257943697212
188_c,401.51
UK1,487.751213417488
452,293.0
IT656,340.552631578947
UK299,298.916749317446
132,343.0
707,410.0
359,470.0
34_J,587.0
UK245,474.36431177905
482,424.0
IT575,281.65
270,294.0
UK359,355.95950787
UK254,337.671495819787
IT446,210.735267857143
UK85,485.961799500703
692,385.0
IT566,249.467647058824
186_c,353.51
UK171,437.085031755689
UK272,329.022857689937
IT582,343.376811594203
718,344.0
280,446.0
IT493,519.234567901235
UK193,428.53237873059
338,365.0
IT701,462.52380952381
139_c,431.51
479,356.0
UK56,365.33675160051
IT504,349.391666666667
UK144,358.954039507594
IT442,268.119047619048
UK385,297.75471796433
736,463.0
UK267,348.213324825073
IT671,405.937857142857
UK335,344.442811019475
IT791,607.834975369458
170,326.0
IT502,430.127192982456
UK20,468.713608269855
180,419.0
IT754,405.35625
UK344,424.11147048
74,424.0
360,401.0
UK362,378.88216628
UK136,454.026297810226
IT557,305.570833333333
IT734,447.666666666667
UK352,446.24868026
642,470.0
354,366.0
IT666,365.722807017544
IT404,230.414814814815
IT519,512.789682539683
UK382,373.97541150438
UK249,456.064438108081
574,374.0
491,448.0
323,292.0
295,402.0
UK376,404.687294887466
501,376.0
UK186,412.986004141438
204,385.0
231,359.0
IT757,513.769841269841
IT424,290.058823529412
