01_J,Difford: sequencing batch 8
02_J,Difford: sequencing batch 8
03_J,Difford: sequencing batch 8
04_J,Difford: sequencing batch 8
05_J,Difford: sequencing batch 8
06_J,Difford: sequencing batch 9
07_J,Difford: sequencing batch 9
08_J,Difford: sequencing batch 9
09_J,Difford: sequencing batch 9
100,Difford: sequencing batch 1
101,Difford: sequencing batch 1
102,Difford: sequencing batch 1
103,Difford: sequencing batch 1
104,Difford: sequencing batch 1
104_c,Difford: sequencing batch 8
105,Difford: sequencing batch 1
106,Difford: sequencing batch 1
106_c,Difford: sequencing batch 8
107,Difford: sequencing batch 1
107_c,Difford: sequencing batch 8
108,Difford: sequencing batch 1
108_c,Difford: sequencing batch 8
109,Difford: sequencing batch 1
109_c,Difford: sequencing batch 8
10_J,Difford: sequencing batch 9
110_c,Difford: sequencing batch 8
111,Difford: sequencing batch 1
111_c,Difford: sequencing batch 8
112,Difford: sequencing batch 1
112_c,Difford: sequencing batch 8
113,Difford: sequencing batch 1
113_c,Difford: sequencing batch 9
114,Difford: sequencing batch 1
114_c,Difford: sequencing batch 9
115,Difford: sequencing batch 1
115_c,Difford: sequencing batch 9
116,Difford: sequencing batch 1
116_c,Difford: sequencing batch 9
117,Difford: sequencing batch 1
117_c,Difford: sequencing batch 9
118_c,Difford: sequencing batch 9
119,Difford: sequencing batch 1
11_J,Difford: sequencing batch 9
120,Difford: sequencing batch 1
120_c,Difford: sequencing batch 9
121,Difford: sequencing batch 1
121_c,Difford: sequencing batch 9
122,Difford: sequencing batch 1
122_c,Difford: sequencing batch 9
123,Difford: sequencing batch 1
123_c,Difford: sequencing batch 9
124_c,Difford: sequencing batch 9
125,Difford: sequencing batch 1
125_c,Difford: sequencing batch 9
126,Difford: sequencing batch 1
127,Difford: sequencing batch 1
127_c,Difford: sequencing batch 9
128,Difford: sequencing batch 1
128_c,Difford: sequencing batch 9
129,Difford: sequencing batch 1
129_c,Difford: sequencing batch 9
12_J,Difford: sequencing batch 9
130,Difford: sequencing batch 1
130_c,Difford: sequencing batch 9
131,Difford: sequencing batch 1
131_c,Difford: sequencing batch 9
132,Difford: sequencing batch 1
133,Difford: sequencing batch 1
133_c,Difford: sequencing batch 9
134,Difford: sequencing batch 1
134_c,Difford: sequencing batch 9
135,Difford: sequencing batch 1
135_c,Difford: sequencing batch 7
136,Difford: sequencing batch 1
136_c,Difford: sequencing batch 7
137,Difford: sequencing batch 1
137_c,Difford: sequencing batch 7
138,Difford: sequencing batch 1
138_c,Difford: sequencing batch 7
139,Difford: sequencing batch 1
139_c,Difford: sequencing batch 7
13_J,Difford: sequencing batch 9
140_c,Difford: sequencing batch 7
141,Difford: sequencing batch 1
141_c,Difford: sequencing batch 7
142,Difford: sequencing batch 1
143,Difford: sequencing batch 1
143_c,Difford: sequencing batch 7
144,Difford: sequencing batch 1
144_c,Difford: sequencing batch 7
145,Difford: sequencing batch 1
145_c,Difford: sequencing batch 7
146,Difford: sequencing batch 1
146_c,Difford: sequencing batch 7
147,Difford: sequencing batch 1
147_c,Difford: sequencing batch 7
148,Difford: sequencing batch 1
148_c,Difford: sequencing batch 7
149_c,Difford: sequencing batch 7
14_J,Difford: sequencing batch 9
150,Difford: sequencing batch 1
150_c,Difford: sequencing batch 7
151,Difford: sequencing batch 1
151_c,Difford: sequencing batch 7
152,Difford: sequencing batch 1
152_c,Difford: sequencing batch 7
153,Difford: sequencing batch 2
153_c,Difford: sequencing batch 7
154,Difford: sequencing batch 2
154_c,Difford: sequencing batch 7
155,Difford: sequencing batch 2
155_c,Difford: sequencing batch 7
156,Difford: sequencing batch 2
156_c,Difford: sequencing batch 7
157,Difford: sequencing batch 2
157_c,Difford: sequencing batch 7
158,Difford: sequencing batch 2
158_c,Difford: sequencing batch 7
159,Difford: sequencing batch 2
159_c,Difford: sequencing batch 9
15_J,Difford: sequencing batch 9
160,Difford: sequencing batch 2
160_c,Difford: sequencing batch 9
161,Difford: sequencing batch 2
163,Difford: sequencing batch 2
163_c,Difford: sequencing batch 9
164,Difford: sequencing batch 2
164_c,Difford: sequencing batch 9
165,Difford: sequencing batch 2
165_c,Difford: sequencing batch 9
166,Difford: sequencing batch 2
166_c,Difford: sequencing batch 9
167,Difford: sequencing batch 2
167_c,Difford: sequencing batch 9
168,Difford: sequencing batch 2
169,Difford: sequencing batch 2
169_c,Difford: sequencing batch 9
16_J,Difford: sequencing batch 9
170,Difford: sequencing batch 2
170_c,Difford: sequencing batch 9
171,Difford: sequencing batch 2
172,Difford: sequencing batch 2
173,Difford: sequencing batch 2
173_c,Difford: sequencing batch 9
174,Difford: sequencing batch 2
174_c,Difford: sequencing batch 9
176,Difford: sequencing batch 2
176_c,Difford: sequencing batch 9
177,Difford: sequencing batch 2
177_c,Difford: sequencing batch 9
178,Difford: sequencing batch 2
178_c,Difford: sequencing batch 9
179,Difford: sequencing batch 2
17_J,Difford: sequencing batch 9
180,Difford: sequencing batch 2
181,Difford: sequencing batch 2
181_c,Difford: sequencing batch 9
182,Difford: sequencing batch 2
182_c,Difford: sequencing batch 9
184_c,Difford: sequencing batch 8
185,Difford: sequencing batch 2
185_c,Difford: sequencing batch 8
186,Difford: sequencing batch 2
186_c,Difford: sequencing batch 8
187,Difford: sequencing batch 2
187_c,Difford: sequencing batch 8
188,Difford: sequencing batch 2
188_c,Difford: sequencing batch 8
189_c,Difford: sequencing batch 8
191,Difford: sequencing batch 2
191_c,Difford: sequencing batch 8
192,Difford: sequencing batch 2
193,Difford: sequencing batch 2
193_c,Difford: sequencing batch 8
194,Difford: sequencing batch 2
194_c,Difford: sequencing batch 8
195,Difford: sequencing batch 2
195_c,Difford: sequencing batch 8
196,Difford: sequencing batch 2
196_c,Difford: sequencing batch 8
197,Difford: sequencing batch 2
198,Difford: sequencing batch 2
199,Difford: sequencing batch 2
199_c,Difford: sequencing batch 8
19_J,Difford: sequencing batch 9
200,Difford: sequencing batch 2
200_c,Difford: sequencing batch 8
201,Difford: sequencing batch 2
201_c,Difford: sequencing batch 8
202,Difford: sequencing batch 2
202_c,Difford: sequencing batch 8
203,Difford: sequencing batch 2
203_c,Difford: sequencing batch 8
204,Difford: sequencing batch 2
204_c,Difford: sequencing batch 8
205,Difford: sequencing batch 2
206_c,Difford: sequencing batch 8
207,Difford: sequencing batch 2
208,Difford: sequencing batch 2
209,Difford: sequencing batch 2
20_J,Difford: sequencing batch 9
210,Difford: sequencing batch 2
211,Difford: sequencing batch 2
212,Difford: sequencing batch 2
213,Difford: sequencing batch 2
214,Difford: sequencing batch 2
215,Difford: sequencing batch 2
216,Difford: sequencing batch 2
217,Difford: sequencing batch 2
219,Difford: sequencing batch 2
220,Difford: sequencing batch 2
221,Difford: sequencing batch 2
222,Difford: sequencing batch 2
223,Difford: sequencing batch 2
224,Difford: sequencing batch 2
225,Difford: sequencing batch 2
226,Difford: sequencing batch 2
227,Difford: sequencing batch 2
228,Difford: sequencing batch 2
229,Difford: sequencing batch 2
22_J,Difford: sequencing batch 9
230,Difford: sequencing batch 2
231,Difford: sequencing batch 2
232,Difford: sequencing batch 2
233,Difford: sequencing batch 2
234,Difford: sequencing batch 2
235,Difford: sequencing batch 2
238,Difford: sequencing batch 2
239,Difford: sequencing batch 2
23_J,Difford: sequencing batch 9
240,Difford: sequencing batch 2
241,Difford: sequencing batch 2
242,Difford: sequencing batch 2
243,Difford: sequencing batch 2
244,Difford: sequencing batch 2
245,Difford: sequencing batch 2
246,Difford: sequencing batch 2
247,Difford: sequencing batch 2
248,Difford: sequencing batch 2
24_J,Difford: sequencing batch 9
250,Difford: sequencing batch 2
251,Difford: sequencing batch 2
252,Difford: sequencing batch 2
253,Difford: sequencing batch 2
254,Difford: sequencing batch 2
255,Difford: sequencing batch 2
256,Difford: sequencing batch 2
257,Difford: sequencing batch 2
258,Difford: sequencing batch 2
259,Difford: sequencing batch 5
25_J,Difford: sequencing batch 9
261,Difford: sequencing batch 5
262,Difford: sequencing batch 5
263,Difford: sequencing batch 5
264,Difford: sequencing batch 5
265,Difford: sequencing batch 5
266,Difford: sequencing batch 5
267,Difford: sequencing batch 5
26_J,Difford: sequencing batch 9
270,Difford: sequencing batch 5
272,Difford: sequencing batch 5
273,Difford: sequencing batch 5
275,Difford: sequencing batch 5
277,Difford: sequencing batch 5
278,Difford: sequencing batch 5
279,Difford: sequencing batch 5
27_J,Difford: sequencing batch 9
280,Difford: sequencing batch 5
281,Difford: sequencing batch 5
282,Difford: sequencing batch 5
283,Difford: sequencing batch 5
284,Difford: sequencing batch 5
285,Difford: sequencing batch 5
286,Difford: sequencing batch 5
287,Difford: sequencing batch 5
288,Difford: sequencing batch 5
289,Difford: sequencing batch 5
28_J,Difford: sequencing batch 9
290,Difford: sequencing batch 5
291,Difford: sequencing batch 5
292,Difford: sequencing batch 5
293,Difford: sequencing batch 5
294,Difford: sequencing batch 5
295,Difford: sequencing batch 5
296,Difford: sequencing batch 5
297,Difford: sequencing batch 5
299,Difford: sequencing batch 5
29_J,Difford: sequencing batch 9
300,Difford: sequencing batch 5
301,Difford: sequencing batch 5
302,Difford: sequencing batch 5
303,Difford: sequencing batch 5
304,Difford: sequencing batch 5
305,Difford: sequencing batch 5
307,Difford: sequencing batch 5
309,Difford: sequencing batch 5
30_J,Difford: sequencing batch 8
310,Difford: sequencing batch 5
311,Difford: sequencing batch 5
312,Difford: sequencing batch 5
313,Difford: sequencing batch 5
314,Difford: sequencing batch 5
315,Difford: sequencing batch 5
316,Difford: sequencing batch 5
317,Difford: sequencing batch 5
318,Difford: sequencing batch 5
319,Difford: sequencing batch 5
31_J,Difford: sequencing batch 8
320,Difford: sequencing batch 5
322,Difford: sequencing batch 5
323,Difford: sequencing batch 5
324,Difford: sequencing batch 5
325,Difford: sequencing batch 5
326,Difford: sequencing batch 5
327,Difford: sequencing batch 5
328,Difford: sequencing batch 5
329,Difford: sequencing batch 5
32_J,Difford: sequencing batch 8
330,Difford: sequencing batch 5
331,Difford: sequencing batch 5
332,Difford: sequencing batch 5
333,Difford: sequencing batch 5
334,Difford: sequencing batch 5
335,Difford: sequencing batch 5
336,Difford: sequencing batch 5
337,Difford: sequencing batch 5
338,Difford: sequencing batch 5
339,Difford: sequencing batch 5
33_J,Difford: sequencing batch 8
340,Difford: sequencing batch 5
341,Difford: sequencing batch 5
342,Difford: sequencing batch 5
343,Difford: sequencing batch 5
344,Difford: sequencing batch 5
345,Difford: sequencing batch 5
346,Difford: sequencing batch 5
347,Difford: sequencing batch 5
348,Difford: sequencing batch 5
349,Difford: sequencing batch 5
34_J,Difford: sequencing batch 8
350,Difford: sequencing batch 5
351,Difford: sequencing batch 5
352,Difford: sequencing batch 5
353,Difford: sequencing batch 5
354,Difford: sequencing batch 5
355,Difford: sequencing batch 5
356,Difford: sequencing batch 5
359,Difford: sequencing batch 5
35_J,Difford: sequencing batch 8
360,Difford: sequencing batch 5
361,Difford: sequencing batch 5
362,Difford: sequencing batch 5
363,Difford: sequencing batch 5
364,Difford: sequencing batch 5
365,Difford: sequencing batch 5
366,Difford: sequencing batch 5
367,Difford: sequencing batch 3
368,Difford: sequencing batch 3
369,Difford: sequencing batch 3
36_J,Difford: sequencing batch 8
370,Difford: sequencing batch 3
371,Difford: sequencing batch 3
372,Difford: sequencing batch 3
373,Difford: sequencing batch 3
374,Difford: sequencing batch 3
375,Difford: sequencing batch 3
376,Difford: sequencing batch 3
377,Difford: sequencing batch 3
378,Difford: sequencing batch 3
37_J,Difford: sequencing batch 8
380,Difford: sequencing batch 3
381,Difford: sequencing batch 3
382,Difford: sequencing batch 3
383,Difford: sequencing batch 3
384,Difford: sequencing batch 3
385,Difford: sequencing batch 3
386,Difford: sequencing batch 3
387,Difford: sequencing batch 3
388,Difford: sequencing batch 3
389,Difford: sequencing batch 3
38_J,Difford: sequencing batch 8
390,Difford: sequencing batch 3
391,Difford: sequencing batch 3
392,Difford: sequencing batch 3
393,Difford: sequencing batch 3
394,Difford: sequencing batch 3
395,Difford: sequencing batch 3
396,Difford: sequencing batch 3
397,Difford: sequencing batch 3
398,Difford: sequencing batch 3
399,Difford: sequencing batch 3
39_J,Difford: sequencing batch 8
401,Difford: sequencing batch 3
402,Difford: sequencing batch 3
403,Difford: sequencing batch 3
404,Difford: sequencing batch 3
405,Difford: sequencing batch 3
406,Difford: sequencing batch 3
407,Difford: sequencing batch 3
408,Difford: sequencing batch 3
409,Difford: sequencing batch 3
40_J,Difford: sequencing batch 8
410,Difford: sequencing batch 3
411,Difford: sequencing batch 3
412,Difford: sequencing batch 3
413,Difford: sequencing batch 3
414,Difford: sequencing batch 3
415,Difford: sequencing batch 3
416,Difford: sequencing batch 3
417,Difford: sequencing batch 3
418,Difford: sequencing batch 3
419,Difford: sequencing batch 3
420,Difford: sequencing batch 3
421,Difford: sequencing batch 3
422,Difford: sequencing batch 3
423,Difford: sequencing batch 3
424,Difford: sequencing batch 3
425,Difford: sequencing batch 3
426,Difford: sequencing batch 3
427,Difford: sequencing batch 3
428,Difford: sequencing batch 3
429,Difford: sequencing batch 3
430,Difford: sequencing batch 3
431,Difford: sequencing batch 3
432,Difford: sequencing batch 3
433,Difford: sequencing batch 3
434,Difford: sequencing batch 3
435,Difford: sequencing batch 3
436,Difford: sequencing batch 3
437,Difford: sequencing batch 3
438,Difford: sequencing batch 3
439,Difford: sequencing batch 3
440,Difford: sequencing batch 3
441,Difford: sequencing batch 3
442,Difford: sequencing batch 3
443,Difford: sequencing batch 3
444,Difford: sequencing batch 3
445,Difford: sequencing batch 3
446,Difford: sequencing batch 3
447,Difford: sequencing batch 3
448,Difford: sequencing batch 3
449,Difford: sequencing batch 3
450,Difford: sequencing batch 3
451,Difford: sequencing batch 3
452,Difford: sequencing batch 3
453,Difford: sequencing batch 3
454,Difford: sequencing batch 3
455,Difford: sequencing batch 3
456,Difford: sequencing batch 3
457,Difford: sequencing batch 3
458,Difford: sequencing batch 3
459,Difford: sequencing batch 3
460,Difford: sequencing batch 3
461,Difford: sequencing batch 3
462,Difford: sequencing batch 3
463,Difford: sequencing batch 4
464,Difford: sequencing batch 4
465,Difford: sequencing batch 4
466,Difford: sequencing batch 4
467,Difford: sequencing batch 4
468,Difford: sequencing batch 4
469,Difford: sequencing batch 4
470,Difford: sequencing batch 4
471,Difford: sequencing batch 4
472,Difford: sequencing batch 4
473,Difford: sequencing batch 4
474,Difford: sequencing batch 4
475,Difford: sequencing batch 4
476,Difford: sequencing batch 4
477,Difford: sequencing batch 4
478,Difford: sequencing batch 4
479,Difford: sequencing batch 4
480,Difford: sequencing batch 4
481,Difford: sequencing batch 4
482,Difford: sequencing batch 4
483,Difford: sequencing batch 4
484,Difford: sequencing batch 4
485,Difford: sequencing batch 4
486,Difford: sequencing batch 4
487,Difford: sequencing batch 4
488,Difford: sequencing batch 4
489,Difford: sequencing batch 4
490,Difford: sequencing batch 4
491,Difford: sequencing batch 4
492,Difford: sequencing batch 4
493,Difford: sequencing batch 4
494,Difford: sequencing batch 4
495,Difford: sequencing batch 4
496,Difford: sequencing batch 4
497,Difford: sequencing batch 4
498,Difford: sequencing batch 4
499,Difford: sequencing batch 4
50,Difford: sequencing batch 1
500,Difford: sequencing batch 4
501,Difford: sequencing batch 4
502,Difford: sequencing batch 4
503,Difford: sequencing batch 4
504,Difford: sequencing batch 4
505,Difford: sequencing batch 4
506,Difford: sequencing batch 4
507,Difford: sequencing batch 4
508,Difford: sequencing batch 4
509,Difford: sequencing batch 4
51,Difford: sequencing batch 1
510,Difford: sequencing batch 4
511,Difford: sequencing batch 4
512,Difford: sequencing batch 4
513,Difford: sequencing batch 4
514,Difford: sequencing batch 4
515,Difford: sequencing batch 4
516,Difford: sequencing batch 4
517,Difford: sequencing batch 4
518,Difford: sequencing batch 4
519,Difford: sequencing batch 4
52,Difford: sequencing batch 1
520,Difford: sequencing batch 4
529,Difford: sequencing batch 4
53,Difford: sequencing batch 1
534,Difford: sequencing batch 4
536,Difford: sequencing batch 4
537,Difford: sequencing batch 4
538,Difford: sequencing batch 4
54,Difford: sequencing batch 1
547,Difford: sequencing batch 4
55,Difford: sequencing batch 1
553,Difford: sequencing batch 4
56,Difford: sequencing batch 1
563,Difford: sequencing batch 4
567,Difford: sequencing batch 4
57,Difford: sequencing batch 1
572,Difford: sequencing batch 6
574,Difford: sequencing batch 6
575,Difford: sequencing batch 6
576,Difford: sequencing batch 6
578,Difford: sequencing batch 6
58,Difford: sequencing batch 1
587,Difford: sequencing batch 6
589,Difford: sequencing batch 6
59,Difford: sequencing batch 1
590,Difford: sequencing batch 6
60,Difford: sequencing batch 1
61,Difford: sequencing batch 1
617,Difford: sequencing batch 6
618,Difford: sequencing batch 6
619,Difford: sequencing batch 6
62,Difford: sequencing batch 1
620,Difford: sequencing batch 6
621,Difford: sequencing batch 6
622,Difford: sequencing batch 6
623,Difford: sequencing batch 6
624,Difford: sequencing batch 6
625,Difford: sequencing batch 6
627,Difford: sequencing batch 6
628,Difford: sequencing batch 6
629,Difford: sequencing batch 6
63,Difford: sequencing batch 1
630,Difford: sequencing batch 6
631,Difford: sequencing batch 6
632,Difford: sequencing batch 6
633,Difford: sequencing batch 6
634,Difford: sequencing batch 6
635,Difford: sequencing batch 6
636,Difford: sequencing batch 6
637,Difford: sequencing batch 6
638,Difford: sequencing batch 6
639,Difford: sequencing batch 6
64,Difford: sequencing batch 1
640,Difford: sequencing batch 6
641,Difford: sequencing batch 6
642,Difford: sequencing batch 6
643,Difford: sequencing batch 6
644,Difford: sequencing batch 6
645,Difford: sequencing batch 6
646,Difford: sequencing batch 6
647,Difford: sequencing batch 6
648,Difford: sequencing batch 6
649,Difford: sequencing batch 6
65,Difford: sequencing batch 1
650,Difford: sequencing batch 6
651,Difford: sequencing batch 6
652,Difford: sequencing batch 6
653,Difford: sequencing batch 6
654,Difford: sequencing batch 6
655,Difford: sequencing batch 6
656,Difford: sequencing batch 6
658,Difford: sequencing batch 6
659,Difford: sequencing batch 6
66,Difford: sequencing batch 1
660,Difford: sequencing batch 6
661,Difford: sequencing batch 6
662,Difford: sequencing batch 6
663,Difford: sequencing batch 6
664,Difford: sequencing batch 6
665,Difford: sequencing batch 7
666,Difford: sequencing batch 7
667,Difford: sequencing batch 7
668,Difford: sequencing batch 7
67,Difford: sequencing batch 1
670,Difford: sequencing batch 7
671,Difford: sequencing batch 7
672,Difford: sequencing batch 7
673,Difford: sequencing batch 7
674,Difford: sequencing batch 7
675,Difford: sequencing batch 7
676,Difford: sequencing batch 7
677,Difford: sequencing batch 7
678,Difford: sequencing batch 7
679,Difford: sequencing batch 7
68,Difford: sequencing batch 1
680,Difford: sequencing batch 7
681,Difford: sequencing batch 7
683,Difford: sequencing batch 7
684,Difford: sequencing batch 7
685,Difford: sequencing batch 7
686,Difford: sequencing batch 7
687,Difford: sequencing batch 9
688,Difford: sequencing batch 9
689,Difford: sequencing batch 9
69,Difford: sequencing batch 1
690,Difford: sequencing batch 9
691,Difford: sequencing batch 9
692,Difford: sequencing batch 9
693,Difford: sequencing batch 9
694,Difford: sequencing batch 9
695,Difford: sequencing batch 9
696,Difford: sequencing batch 9
697,Difford: sequencing batch 9
698,Difford: sequencing batch 9
699,Difford: sequencing batch 9
70,Difford: sequencing batch 1
700,Difford: sequencing batch 9
701,Difford: sequencing batch 9
702,Difford: sequencing batch 9
703,Difford: sequencing batch 9
704,Difford: sequencing batch 9
705,Difford: sequencing batch 9
706,Difford: sequencing batch 9
707,Difford: sequencing batch 9
708,Difford: sequencing batch 9
709,Difford: sequencing batch 9
71,Difford: sequencing batch 1
710,Difford: sequencing batch 9
711,Difford: sequencing batch 7
712,Difford: sequencing batch 7
713,Difford: sequencing batch 7
714,Difford: sequencing batch 7
715,Difford: sequencing batch 7
716,Difford: sequencing batch 7
717,Difford: sequencing batch 7
718,Difford: sequencing batch 7
719,Difford: sequencing batch 7
72,Difford: sequencing batch 1
720,Difford: sequencing batch 7
721,Difford: sequencing batch 7
722,Difford: sequencing batch 7
723,Difford: sequencing batch 7
724,Difford: sequencing batch 7
725,Difford: sequencing batch 7
726,Difford: sequencing batch 7
727,Difford: sequencing batch 7
728,Difford: sequencing batch 7
729,Difford: sequencing batch 7
72_c,Difford: sequencing batch 8
73,Difford: sequencing batch 1
730,Difford: sequencing batch 7
731,Difford: sequencing batch 7
732,Difford: sequencing batch 7
733,Difford: sequencing batch 7
734,Difford: sequencing batch 7
735,Difford: sequencing batch 7
736,Difford: sequencing batch 7
737,Difford: sequencing batch 7
738,Difford: sequencing batch 7
739,Difford: sequencing batch 7
74,Difford: sequencing batch 1
740,Difford: sequencing batch 7
741,Difford: sequencing batch 7
742,Difford: sequencing batch 7
743,Difford: sequencing batch 7
744,Difford: sequencing batch 7
745,Difford: sequencing batch 7
746,Difford: sequencing batch 7
747,Difford: sequencing batch 7
748,Difford: sequencing batch 7
749,Difford: sequencing batch 7
75,Difford: sequencing batch 1
750,Difford: sequencing batch 7
751,Difford: sequencing batch 7
752,Difford: sequencing batch 7
753,Difford: sequencing batch 7
754,Difford: sequencing batch 7
755,Difford: sequencing batch 7
756,Difford: sequencing batch 7
757,Difford: sequencing batch 7
758,Difford: sequencing batch 7
759,Difford: sequencing batch 8
76,Difford: sequencing batch 1
760,Difford: sequencing batch 8
761,Difford: sequencing batch 8
762,Difford: sequencing batch 8
763,Difford: sequencing batch 8
764,Difford: sequencing batch 8
765,Difford: sequencing batch 8
766,Difford: sequencing batch 8
767,Difford: sequencing batch 8
768,Difford: sequencing batch 8
769,Difford: sequencing batch 8
77,Difford: sequencing batch 1
770,Difford: sequencing batch 8
771,Difford: sequencing batch 8
772,Difford: sequencing batch 8
773,Difford: sequencing batch 8
774,Difford: sequencing batch 8
775,Difford: sequencing batch 8
78,Difford: sequencing batch 1
79,Difford: sequencing batch 1
80,Difford: sequencing batch 1
82,Difford: sequencing batch 1
83,Difford: sequencing batch 1
84,Difford: sequencing batch 1
85,Difford: sequencing batch 1
86,Difford: sequencing batch 1
87,Difford: sequencing batch 1
89,Difford: sequencing batch 1
90,Difford: sequencing batch 1
91,Difford: sequencing batch 1
92,Difford: sequencing batch 1
93,Difford: sequencing batch 1
94,Difford: sequencing batch 1
95,Difford: sequencing batch 1
96,Difford: sequencing batch 1
97,Difford: sequencing batch 1
98,Difford: sequencing batch 1
99,Difford: sequencing batch 1
