IT1007,Wallace: unknown cluster 2
IT1008,Wallace: unknown cluster 2
IT1009,Wallace: unknown cluster 2
IT1010,Wallace: unknown cluster 2
IT1011,Wallace: unknown cluster 2
IT1012,Wallace: unknown cluster 2
IT1013,Wallace: unknown cluster 2
IT1014,Wallace: unknown cluster 2
IT1015,Wallace: unknown cluster 2
IT1016,Wallace: unknown cluster 2
IT400,Wallace: unknown cluster 1
IT401,Wallace: unknown cluster 1
IT402,Wallace: unknown cluster 1
IT403,Wallace: unknown cluster 1
IT404,Wallace: unknown cluster 1
IT405,Wallace: unknown cluster 1
IT406,Wallace: unknown cluster 1
IT407,Wallace: unknown cluster 1
IT408,Wallace: unknown cluster 1
IT409,Wallace: unknown cluster 1
IT410,Wallace: unknown cluster 1
IT411,Wallace: unknown cluster 1
IT412,Wallace: unknown cluster 1
IT413,Wallace: unknown cluster 1
IT414,Wallace: unknown cluster 1
IT415,Wallace: unknown cluster 1
IT416,Wallace: unknown cluster 1
IT417,Wallace: unknown cluster 1
IT418,Wallace: unknown cluster 1
IT419,Wallace: unknown cluster 1
IT420,Wallace: unknown cluster 1
IT421,Wallace: unknown cluster 1
IT422,Wallace: unknown cluster 1
IT423,Wallace: unknown cluster 1
IT424,Wallace: unknown cluster 1
IT425,Wallace: unknown cluster 1
IT426,Wallace: unknown cluster 1
IT427,Wallace: unknown cluster 1
IT428,Wallace: unknown cluster 1
IT429,Wallace: unknown cluster 1
IT430,Wallace: unknown cluster 1
IT431,Wallace: unknown cluster 1
IT432,Wallace: unknown cluster 1
IT433,Wallace: unknown cluster 1
IT434,Wallace: unknown cluster 1
IT435,Wallace: unknown cluster 1
IT436,Wallace: unknown cluster 1
IT437,Wallace: unknown cluster 1
IT438,Wallace: unknown cluster 1
IT439,Wallace: unknown cluster 1
IT440,Wallace: unknown cluster 1
IT441,Wallace: unknown cluster 1
IT442,Wallace: unknown cluster 1
IT443,Wallace: unknown cluster 1
IT444,Wallace: unknown cluster 1
IT445,Wallace: unknown cluster 1
IT446,Wallace: unknown cluster 1
IT447,Wallace: unknown cluster 1
IT448,Wallace: unknown cluster 1
IT449,Wallace: unknown cluster 1
IT450,Wallace: unknown cluster 1
IT451,Wallace: unknown cluster 1
IT452,Wallace: unknown cluster 1
IT453,Wallace: unknown cluster 1
IT454,Wallace: unknown cluster 1
IT455,Wallace: unknown cluster 1
IT456,Wallace: unknown cluster 1
IT457,Wallace: unknown cluster 1
IT458,Wallace: unknown cluster 1
IT459,Wallace: unknown cluster 1
IT460,Wallace: unknown cluster 1
IT461,Wallace: unknown cluster 1
IT462,Wallace: unknown cluster 1
IT463,Wallace: unknown cluster 1
IT464,Wallace: unknown cluster 1
IT465,Wallace: unknown cluster 1
IT466,Wallace: unknown cluster 1
IT467,Wallace: unknown cluster 1
IT468,Wallace: unknown cluster 1
IT469,Wallace: unknown cluster 1
IT470,Wallace: unknown cluster 1
IT471,Wallace: unknown cluster 1
IT472,Wallace: unknown cluster 1
IT473,Wallace: unknown cluster 1
IT474,Wallace: unknown cluster 1
IT475,Wallace: unknown cluster 1
IT476,Wallace: unknown cluster 2
IT477,Wallace: unknown cluster 1
IT478,Wallace: unknown cluster 2
IT479,Wallace: unknown cluster 1
IT480,Wallace: unknown cluster 1
IT481,Wallace: unknown cluster 1
IT482,Wallace: unknown cluster 1
IT483,Wallace: unknown cluster 1
IT484,Wallace: unknown cluster 1
IT485,Wallace: unknown cluster 1
IT486,Wallace: unknown cluster 1
IT487,Wallace: unknown cluster 1
IT488,Wallace: unknown cluster 1
IT489,Wallace: unknown cluster 1
IT490,Wallace: unknown cluster 2
IT491,Wallace: unknown cluster 2
IT492,Wallace: unknown cluster 2
IT493,Wallace: unknown cluster 2
IT494,Wallace: unknown cluster 2
IT496,Wallace: unknown cluster 2
IT497,Wallace: unknown cluster 2
IT498,Wallace: unknown cluster 1
IT499,Wallace: unknown cluster 1
IT500,Wallace: unknown cluster 1
IT501,Wallace: unknown cluster 1
IT502,Wallace: unknown cluster 1
IT503,Wallace: unknown cluster 1
IT504,Wallace: unknown cluster 1
IT505,Wallace: unknown cluster 1
IT506,Wallace: unknown cluster 1
IT507,Wallace: unknown cluster 1
IT508,Wallace: unknown cluster 1
IT509,Wallace: unknown cluster 1
IT510,Wallace: unknown cluster 1
IT511,Wallace: unknown cluster 1
IT512,Wallace: unknown cluster 1
IT513,Wallace: unknown cluster 1
IT514,Wallace: unknown cluster 1
IT515,Wallace: unknown cluster 1
IT516,Wallace: unknown cluster 1
IT517,Wallace: unknown cluster 1
IT518,Wallace: unknown cluster 1
IT519,Wallace: unknown cluster 1
IT520,Wallace: unknown cluster 1
IT521,Wallace: unknown cluster 1
IT522,Wallace: unknown cluster 1
IT523,Wallace: unknown cluster 1
IT524,Wallace: unknown cluster 1
IT525,Wallace: unknown cluster 1
IT526,Wallace: unknown cluster 1
IT527,Wallace: unknown cluster 1
IT528,Wallace: unknown cluster 1
IT529,Wallace: unknown cluster 1
IT530,Wallace: unknown cluster 1
IT531,Wallace: unknown cluster 1
IT532,Wallace: unknown cluster 1
IT533,Wallace: unknown cluster 1
IT534,Wallace: unknown cluster 1
IT535,Wallace: unknown cluster 1
IT536,Wallace: unknown cluster 1
IT537,Wallace: unknown cluster 1
IT538,Wallace: unknown cluster 1
IT539,Wallace: unknown cluster 1
IT540,Wallace: unknown cluster 1
IT541,Wallace: unknown cluster 1
IT542,Wallace: unknown cluster 1
IT543,Wallace: unknown cluster 1
IT544,Wallace: unknown cluster 1
IT545,Wallace: unknown cluster 1
IT546,Wallace: unknown cluster 1
IT547,Wallace: unknown cluster 1
IT548,Wallace: unknown cluster 1
IT549,Wallace: unknown cluster 1
IT550,Wallace: unknown cluster 1
IT551,Wallace: unknown cluster 1
IT552,Wallace: unknown cluster 1
IT553,Wallace: unknown cluster 1
IT554,Wallace: unknown cluster 1
IT555,Wallace: unknown cluster 1
IT556,Wallace: unknown cluster 1
IT557,Wallace: unknown cluster 1
IT558,Wallace: unknown cluster 1
IT559,Wallace: unknown cluster 1
IT560,Wallace: unknown cluster 1
IT561,Wallace: unknown cluster 1
IT562,Wallace: unknown cluster 1
IT563,Wallace: unknown cluster 1
IT564,Wallace: unknown cluster 1
IT565,Wallace: unknown cluster 1
IT566,Wallace: unknown cluster 1
IT567,Wallace: unknown cluster 1
IT568,Wallace: unknown cluster 1
IT569,Wallace: unknown cluster 1
IT570,Wallace: unknown cluster 1
IT571,Wallace: unknown cluster 1
IT572,Wallace: unknown cluster 1
IT573,Wallace: unknown cluster 1
IT574,Wallace: unknown cluster 1
IT575,Wallace: unknown cluster 1
IT576,Wallace: unknown cluster 1
IT577,Wallace: unknown cluster 1
IT578,Wallace: unknown cluster 1
IT579,Wallace: unknown cluster 1
IT580,Wallace: unknown cluster 1
IT581,Wallace: unknown cluster 1
IT582,Wallace: unknown cluster 1
IT583,Wallace: unknown cluster 1
IT584,Wallace: unknown cluster 1
IT585,Wallace: unknown cluster 1
IT586,Wallace: unknown cluster 1
IT587,Wallace: unknown cluster 1
IT588,Wallace: unknown cluster 1
IT589,Wallace: unknown cluster 1
IT590,Wallace: unknown cluster 1
IT591,Wallace: unknown cluster 1
IT592,Wallace: unknown cluster 1
IT593,Wallace: unknown cluster 1
IT594,Wallace: unknown cluster 1
IT595,Wallace: unknown cluster 1
IT596,Wallace: unknown cluster 1
IT597,Wallace: unknown cluster 1
IT598,Wallace: unknown cluster 1
IT599,Wallace: unknown cluster 1
IT600,Wallace: unknown cluster 1
IT601,Wallace: unknown cluster 1
IT602,Wallace: unknown cluster 1
IT603,Wallace: unknown cluster 1
IT604,Wallace: unknown cluster 1
IT605,Wallace: unknown cluster 1
IT606,Wallace: unknown cluster 1
IT607,Wallace: unknown cluster 1
IT608,Wallace: unknown cluster 1
IT609,Wallace: unknown cluster 1
IT610,Wallace: unknown cluster 1
IT611,Wallace: unknown cluster 1
IT612,Wallace: unknown cluster 1
IT613,Wallace: unknown cluster 1
IT614,Wallace: unknown cluster 1
IT615,Wallace: unknown cluster 1
IT616,Wallace: unknown cluster 1
IT617,Wallace: unknown cluster 1
IT618,Wallace: unknown cluster 1
IT619,Wallace: unknown cluster 2
IT620,Wallace: unknown cluster 2
IT621,Wallace: unknown cluster 2
IT622,Wallace: unknown cluster 2
IT623,Wallace: unknown cluster 2
IT624,Wallace: unknown cluster 2
IT625,Wallace: unknown cluster 2
IT626,Wallace: unknown cluster 2
IT627,Wallace: unknown cluster 2
IT628,Wallace: unknown cluster 2
IT629,Wallace: unknown cluster 2
IT630,Wallace: unknown cluster 2
IT631,Wallace: unknown cluster 2
IT632,Wallace: unknown cluster 2
IT633,Wallace: unknown cluster 2
IT634,Wallace: unknown cluster 2
IT635,Wallace: unknown cluster 2
IT636,Wallace: unknown cluster 2
IT637,Wallace: unknown cluster 2
IT638,Wallace: unknown cluster 2
IT639,Wallace: unknown cluster 2
IT640,Wallace: unknown cluster 2
IT641,Wallace: unknown cluster 2
IT642,Wallace: unknown cluster 2
IT643,Wallace: unknown cluster 2
IT644,Wallace: unknown cluster 2
IT645,Wallace: unknown cluster 2
IT646,Wallace: unknown cluster 2
IT647,Wallace: unknown cluster 2
IT648,Wallace: unknown cluster 2
IT649,Wallace: unknown cluster 2
IT650,Wallace: unknown cluster 2
IT651,Wallace: unknown cluster 2
IT652,Wallace: unknown cluster 2
IT653,Wallace: unknown cluster 2
IT654,Wallace: unknown cluster 2
IT655,Wallace: unknown cluster 2
IT656,Wallace: unknown cluster 2
IT657,Wallace: unknown cluster 2
IT658,Wallace: unknown cluster 2
IT659,Wallace: unknown cluster 2
IT660,Wallace: unknown cluster 2
IT661,Wallace: unknown cluster 2
IT662,Wallace: unknown cluster 2
IT663,Wallace: unknown cluster 1
IT664,Wallace: unknown cluster 2
IT665,Wallace: unknown cluster 2
IT666,Wallace: unknown cluster 2
IT667,Wallace: unknown cluster 2
IT668,Wallace: unknown cluster 2
IT669,Wallace: unknown cluster 2
IT670,Wallace: unknown cluster 1
IT671,Wallace: unknown cluster 2
IT672,Wallace: unknown cluster 2
IT673,Wallace: unknown cluster 2
IT674,Wallace: unknown cluster 2
IT675,Wallace: unknown cluster 2
IT676,Wallace: unknown cluster 2
IT677,Wallace: unknown cluster 2
IT678,Wallace: unknown cluster 2
IT679,Wallace: unknown cluster 2
IT680,Wallace: unknown cluster 2
IT681,Wallace: unknown cluster 2
IT682,Wallace: unknown cluster 2
IT683,Wallace: unknown cluster 2
IT684,Wallace: unknown cluster 2
IT685,Wallace: unknown cluster 2
IT686,Wallace: unknown cluster 2
IT687,Wallace: unknown cluster 2
IT688,Wallace: unknown cluster 2
IT689,Wallace: unknown cluster 2
IT690,Wallace: unknown cluster 2
IT691,Wallace: unknown cluster 2
IT692,Wallace: unknown cluster 2
IT693,Wallace: unknown cluster 2
IT694,Wallace: unknown cluster 2
IT695,Wallace: unknown cluster 2
IT696,Wallace: unknown cluster 2
IT697,Wallace: unknown cluster 2
IT698,Wallace: unknown cluster 2
IT699,Wallace: unknown cluster 2
IT700,Wallace: unknown cluster 2
IT701,Wallace: unknown cluster 2
IT702,Wallace: unknown cluster 2
IT703,Wallace: unknown cluster 2
IT704,Wallace: unknown cluster 2
IT705,Wallace: unknown cluster 2
IT706,Wallace: unknown cluster 2
IT707,Wallace: unknown cluster 2
IT708,Wallace: unknown cluster 2
IT709,Wallace: unknown cluster 2
IT710,Wallace: unknown cluster 2
IT711,Wallace: unknown cluster 2
IT712,Wallace: unknown cluster 2
IT713,Wallace: unknown cluster 2
IT714,Wallace: unknown cluster 2
IT715,Wallace: unknown cluster 2
IT716,Wallace: unknown cluster 2
IT717,Wallace: unknown cluster 2
IT718,Wallace: unknown cluster 2
IT719,Wallace: unknown cluster 2
IT720,Wallace: unknown cluster 2
IT721,Wallace: unknown cluster 1
IT722,Wallace: unknown cluster 2
IT723,Wallace: unknown cluster 2
IT724,Wallace: unknown cluster 2
IT725,Wallace: unknown cluster 2
IT726,Wallace: unknown cluster 2
IT727,Wallace: unknown cluster 2
IT728,Wallace: unknown cluster 1
IT729,Wallace: unknown cluster 2
IT730,Wallace: unknown cluster 2
IT731,Wallace: unknown cluster 2
IT732,Wallace: unknown cluster 2
IT733,Wallace: unknown cluster 2
IT734,Wallace: unknown cluster 2
IT735,Wallace: unknown cluster 2
IT736,Wallace: unknown cluster 2
IT737,Wallace: unknown cluster 2
IT738,Wallace: unknown cluster 2
IT739,Wallace: unknown cluster 2
IT740,Wallace: unknown cluster 2
IT741,Wallace: unknown cluster 2
IT742,Wallace: unknown cluster 2
IT743,Wallace: unknown cluster 2
IT744,Wallace: unknown cluster 2
IT745,Wallace: unknown cluster 2
IT746,Wallace: unknown cluster 2
IT747,Wallace: unknown cluster 2
IT748,Wallace: unknown cluster 2
IT749,Wallace: unknown cluster 2
IT750,Wallace: unknown cluster 2
IT751,Wallace: unknown cluster 2
IT752,Wallace: unknown cluster 2
IT753,Wallace: unknown cluster 2
IT754,Wallace: unknown cluster 2
IT755,Wallace: unknown cluster 2
IT756,Wallace: unknown cluster 2
IT757,Wallace: unknown cluster 2
IT758,Wallace: unknown cluster 2
IT759,Wallace: unknown cluster 2
IT760,Wallace: unknown cluster 2
IT761,Wallace: unknown cluster 2
IT762,Wallace: unknown cluster 2
IT763,Wallace: unknown cluster 2
IT764,Wallace: unknown cluster 2
IT765,Wallace: unknown cluster 2
IT766,Wallace: unknown cluster 2
IT767,Wallace: unknown cluster 2
IT768,Wallace: unknown cluster 2
IT769,Wallace: unknown cluster 2
IT770,Wallace: unknown cluster 2
IT771,Wallace: unknown cluster 2
IT772,Wallace: unknown cluster 2
IT773,Wallace: unknown cluster 2
IT774,Wallace: unknown cluster 2
IT775,Wallace: unknown cluster 1
IT776,Wallace: unknown cluster 2
IT777,Wallace: unknown cluster 2
IT778,Wallace: unknown cluster 2
IT779,Wallace: unknown cluster 2
IT780,Wallace: unknown cluster 2
IT781,Wallace: unknown cluster 2
IT782,Wallace: unknown cluster 2
IT783,Wallace: unknown cluster 2
IT784,Wallace: unknown cluster 2
IT785,Wallace: unknown cluster 2
IT786,Wallace: unknown cluster 2
IT787,Wallace: unknown cluster 2
IT788,Wallace: unknown cluster 2
IT789,Wallace: unknown cluster 2
IT790,Wallace: unknown cluster 2
IT791,Wallace: unknown cluster 2
IT792,Wallace: unknown cluster 2
IT793,Wallace: unknown cluster 2
IT794,Wallace: unknown cluster 2
IT795,Wallace: unknown cluster 2
IT796,Wallace: unknown cluster 2
IT797,Wallace: unknown cluster 2
IT798,Wallace: unknown cluster 2
IT799,Wallace: unknown cluster 2
UK0,Wallace: unknown cluster 1
UK1,Wallace: unknown cluster 1
UK10,Wallace: unknown cluster 1
UK100,Wallace: unknown cluster 2
UK1000,Wallace: unknown cluster 2
UK1001,Wallace: unknown cluster 2
UK1002,Wallace: unknown cluster 2
UK1003,Wallace: unknown cluster 2
UK1004,Wallace: unknown cluster 2
UK1005,Wallace: unknown cluster 2
UK1006,Wallace: unknown cluster 2
UK101,Wallace: unknown cluster 2
UK102,Wallace: unknown cluster 2
UK103,Wallace: unknown cluster 2
UK104,Wallace: unknown cluster 2
UK105,Wallace: unknown cluster 2
UK106,Wallace: unknown cluster 2
UK107,Wallace: unknown cluster 2
UK108,Wallace: unknown cluster 2
UK109,Wallace: unknown cluster 2
UK11,Wallace: unknown cluster 1
UK110,Wallace: unknown cluster 2
UK111,Wallace: unknown cluster 2
UK112,Wallace: unknown cluster 2
UK113,Wallace: unknown cluster 2
UK114,Wallace: unknown cluster 2
UK115,Wallace: unknown cluster 2
UK116,Wallace: unknown cluster 2
UK117,Wallace: unknown cluster 2
UK118,Wallace: unknown cluster 2
UK119,Wallace: unknown cluster 2
UK12,Wallace: unknown cluster 1
UK120,Wallace: unknown cluster 2
UK121,Wallace: unknown cluster 2
UK122,Wallace: unknown cluster 2
UK123,Wallace: unknown cluster 2
UK124,Wallace: unknown cluster 2
UK125,Wallace: unknown cluster 2
UK126,Wallace: unknown cluster 2
UK127,Wallace: unknown cluster 2
UK128,Wallace: unknown cluster 2
UK129,Wallace: unknown cluster 2
UK13,Wallace: unknown cluster 1
UK130,Wallace: unknown cluster 2
UK131,Wallace: unknown cluster 2
UK132,Wallace: unknown cluster 2
UK133,Wallace: unknown cluster 2
UK134,Wallace: unknown cluster 2
UK135,Wallace: unknown cluster 2
UK136,Wallace: unknown cluster 2
UK137,Wallace: unknown cluster 2
UK138,Wallace: unknown cluster 2
UK139,Wallace: unknown cluster 2
UK14,Wallace: unknown cluster 1
UK140,Wallace: unknown cluster 2
UK141,Wallace: unknown cluster 2
UK142,Wallace: unknown cluster 2
UK143,Wallace: unknown cluster 2
UK144,Wallace: unknown cluster 2
UK145,Wallace: unknown cluster 2
UK146,Wallace: unknown cluster 2
UK147,Wallace: unknown cluster 2
UK148,Wallace: unknown cluster 2
UK149,Wallace: unknown cluster 2
UK15,Wallace: unknown cluster 1
UK150,Wallace: unknown cluster 2
UK151,Wallace: unknown cluster 2
UK152,Wallace: unknown cluster 2
UK153,Wallace: unknown cluster 2
UK154,Wallace: unknown cluster 2
UK155,Wallace: unknown cluster 2
UK156,Wallace: unknown cluster 2
UK157,Wallace: unknown cluster 2
UK158,Wallace: unknown cluster 2
UK159,Wallace: unknown cluster 2
UK16,Wallace: unknown cluster 1
UK160,Wallace: unknown cluster 2
UK161,Wallace: unknown cluster 2
UK162,Wallace: unknown cluster 2
UK163,Wallace: unknown cluster 2
UK164,Wallace: unknown cluster 2
UK165,Wallace: unknown cluster 2
UK166,Wallace: unknown cluster 2
UK167,Wallace: unknown cluster 2
UK168,Wallace: unknown cluster 2
UK169,Wallace: unknown cluster 2
UK17,Wallace: unknown cluster 1
UK170,Wallace: unknown cluster 2
UK171,Wallace: unknown cluster 2
UK172,Wallace: unknown cluster 2
UK173,Wallace: unknown cluster 2
UK174,Wallace: unknown cluster 2
UK175,Wallace: unknown cluster 2
UK176,Wallace: unknown cluster 2
UK177,Wallace: unknown cluster 2
UK178,Wallace: unknown cluster 2
UK179,Wallace: unknown cluster 2
UK18,Wallace: unknown cluster 1
UK180,Wallace: unknown cluster 2
UK181,Wallace: unknown cluster 2
UK182,Wallace: unknown cluster 2
UK183,Wallace: unknown cluster 2
UK184,Wallace: unknown cluster 2
UK185,Wallace: unknown cluster 2
UK186,Wallace: unknown cluster 2
UK187,Wallace: unknown cluster 2
UK188,Wallace: unknown cluster 2
UK189,Wallace: unknown cluster 2
UK19,Wallace: unknown cluster 1
UK190,Wallace: unknown cluster 2
UK191,Wallace: unknown cluster 2
UK192,Wallace: unknown cluster 2
UK193,Wallace: unknown cluster 2
UK194,Wallace: unknown cluster 2
UK195,Wallace: unknown cluster 2
UK196,Wallace: unknown cluster 2
UK197,Wallace: unknown cluster 2
UK198,Wallace: unknown cluster 2
UK199,Wallace: unknown cluster 2
UK2,Wallace: unknown cluster 1
UK20,Wallace: unknown cluster 1
UK200,Wallace: unknown cluster 2
UK201,Wallace: unknown cluster 2
UK202,Wallace: unknown cluster 2
UK203,Wallace: unknown cluster 2
UK204,Wallace: unknown cluster 2
UK205,Wallace: unknown cluster 2
UK206,Wallace: unknown cluster 2
UK207,Wallace: unknown cluster 2
UK208,Wallace: unknown cluster 2
UK209,Wallace: unknown cluster 2
UK21,Wallace: unknown cluster 1
UK210,Wallace: unknown cluster 2
UK211,Wallace: unknown cluster 2
UK212,Wallace: unknown cluster 2
UK213,Wallace: unknown cluster 2
UK214,Wallace: unknown cluster 2
UK215,Wallace: unknown cluster 2
UK216,Wallace: unknown cluster 2
UK217,Wallace: unknown cluster 2
UK218,Wallace: unknown cluster 2
UK219,Wallace: unknown cluster 2
UK22,Wallace: unknown cluster 1
UK220,Wallace: unknown cluster 2
UK221,Wallace: unknown cluster 2
UK222,Wallace: unknown cluster 2
UK223,Wallace: unknown cluster 2
UK224,Wallace: unknown cluster 2
UK225,Wallace: unknown cluster 2
UK226,Wallace: unknown cluster 2
UK227,Wallace: unknown cluster 2
UK228,Wallace: unknown cluster 2
UK229,Wallace: unknown cluster 2
UK23,Wallace: unknown cluster 1
UK230,Wallace: unknown cluster 2
UK231,Wallace: unknown cluster 2
UK232,Wallace: unknown cluster 2
UK233,Wallace: unknown cluster 2
UK234,Wallace: unknown cluster 2
UK235,Wallace: unknown cluster 2
UK236,Wallace: unknown cluster 2
UK237,Wallace: unknown cluster 2
UK238,Wallace: unknown cluster 2
UK239,Wallace: unknown cluster 2
UK24,Wallace: unknown cluster 1
UK240,Wallace: unknown cluster 2
UK241,Wallace: unknown cluster 2
UK242,Wallace: unknown cluster 2
UK243,Wallace: unknown cluster 2
UK244,Wallace: unknown cluster 2
UK245,Wallace: unknown cluster 2
UK246,Wallace: unknown cluster 2
UK247,Wallace: unknown cluster 2
UK248,Wallace: unknown cluster 2
UK249,Wallace: unknown cluster 2
UK25,Wallace: unknown cluster 1
UK250,Wallace: unknown cluster 2
UK251,Wallace: unknown cluster 2
UK252,Wallace: unknown cluster 2
UK253,Wallace: unknown cluster 2
UK254,Wallace: unknown cluster 2
UK255,Wallace: unknown cluster 2
UK256,Wallace: unknown cluster 2
UK257,Wallace: unknown cluster 1
UK258,Wallace: unknown cluster 2
UK259,Wallace: unknown cluster 2
UK26,Wallace: unknown cluster 1
UK260,Wallace: unknown cluster 2
UK261,Wallace: unknown cluster 2
UK262,Wallace: unknown cluster 2
UK263,Wallace: unknown cluster 2
UK264,Wallace: unknown cluster 2
UK265,Wallace: unknown cluster 2
UK266,Wallace: unknown cluster 2
UK267,Wallace: unknown cluster 2
UK268,Wallace: unknown cluster 2
UK269,Wallace: unknown cluster 2
UK27,Wallace: unknown cluster 1
UK270,Wallace: unknown cluster 2
UK271,Wallace: unknown cluster 2
UK272,Wallace: unknown cluster 2
UK273,Wallace: unknown cluster 2
UK274,Wallace: unknown cluster 2
UK275,Wallace: unknown cluster 2
UK276,Wallace: unknown cluster 2
UK277,Wallace: unknown cluster 2
UK278,Wallace: unknown cluster 2
UK279,Wallace: unknown cluster 2
UK28,Wallace: unknown cluster 1
UK280,Wallace: unknown cluster 2
UK281,Wallace: unknown cluster 2
UK282,Wallace: unknown cluster 2
UK283,Wallace: unknown cluster 2
UK284,Wallace: unknown cluster 2
UK285,Wallace: unknown cluster 2
UK286,Wallace: unknown cluster 2
UK287,Wallace: unknown cluster 2
UK288,Wallace: unknown cluster 2
UK289,Wallace: unknown cluster 2
UK29,Wallace: unknown cluster 1
UK290,Wallace: unknown cluster 2
UK291,Wallace: unknown cluster 2
UK292,Wallace: unknown cluster 2
UK293,Wallace: unknown cluster 2
UK294,Wallace: unknown cluster 2
UK295,Wallace: unknown cluster 2
UK296,Wallace: unknown cluster 2
UK297,Wallace: unknown cluster 2
UK298,Wallace: unknown cluster 2
UK299,Wallace: unknown cluster 2
UK3,Wallace: unknown cluster 1
UK30,Wallace: unknown cluster 1
UK300,Wallace: unknown cluster 2
UK301,Wallace: unknown cluster 2
UK302,Wallace: unknown cluster 2
UK303,Wallace: unknown cluster 2
UK304,Wallace: unknown cluster 2
UK305,Wallace: unknown cluster 2
UK306,Wallace: unknown cluster 2
UK307,Wallace: unknown cluster 2
UK308,Wallace: unknown cluster 2
UK309,Wallace: unknown cluster 2
UK31,Wallace: unknown cluster 1
UK310,Wallace: unknown cluster 2
UK311,Wallace: unknown cluster 2
UK312,Wallace: unknown cluster 2
UK313,Wallace: unknown cluster 2
UK314,Wallace: unknown cluster 2
UK315,Wallace: unknown cluster 2
UK316,Wallace: unknown cluster 2
UK317,Wallace: unknown cluster 2
UK318,Wallace: unknown cluster 2
UK319,Wallace: unknown cluster 2
UK32,Wallace: unknown cluster 1
UK320,Wallace: unknown cluster 2
UK321,Wallace: unknown cluster 2
UK322,Wallace: unknown cluster 2
UK323,Wallace: unknown cluster 2
UK324,Wallace: unknown cluster 2
UK325,Wallace: unknown cluster 2
UK326,Wallace: unknown cluster 2
UK327,Wallace: unknown cluster 2
UK328,Wallace: unknown cluster 2
UK329,Wallace: unknown cluster 2
UK33,Wallace: unknown cluster 1
UK330,Wallace: unknown cluster 2
UK331,Wallace: unknown cluster 2
UK332,Wallace: unknown cluster 2
UK333,Wallace: unknown cluster 2
UK334,Wallace: unknown cluster 2
UK335,Wallace: unknown cluster 2
UK336,Wallace: unknown cluster 2
UK337,Wallace: unknown cluster 2
UK338,Wallace: unknown cluster 2
UK339,Wallace: unknown cluster 2
UK34,Wallace: unknown cluster 1
UK340,Wallace: unknown cluster 2
UK341,Wallace: unknown cluster 2
UK342,Wallace: unknown cluster 2
UK343,Wallace: unknown cluster 2
UK344,Wallace: unknown cluster 2
UK345,Wallace: unknown cluster 2
UK346,Wallace: unknown cluster 2
UK347,Wallace: unknown cluster 2
UK348,Wallace: unknown cluster 2
UK349,Wallace: unknown cluster 2
UK35,Wallace: unknown cluster 1
UK350,Wallace: unknown cluster 2
UK351,Wallace: unknown cluster 2
UK352,Wallace: unknown cluster 2
UK353,Wallace: unknown cluster 2
UK354,Wallace: unknown cluster 2
UK355,Wallace: unknown cluster 2
UK356,Wallace: unknown cluster 2
UK357,Wallace: unknown cluster 2
UK358,Wallace: unknown cluster 2
UK359,Wallace: unknown cluster 2
UK36,Wallace: unknown cluster 1
UK360,Wallace: unknown cluster 2
UK361,Wallace: unknown cluster 2
UK362,Wallace: unknown cluster 2
UK363,Wallace: unknown cluster 2
UK364,Wallace: unknown cluster 2
UK365,Wallace: unknown cluster 2
UK366,Wallace: unknown cluster 2
UK367,Wallace: unknown cluster 2
UK368,Wallace: unknown cluster 2
UK369,Wallace: unknown cluster 2
UK37,Wallace: unknown cluster 1
UK370,Wallace: unknown cluster 2
UK371,Wallace: unknown cluster 2
UK372,Wallace: unknown cluster 2
UK373,Wallace: unknown cluster 2
UK374,Wallace: unknown cluster 2
UK375,Wallace: unknown cluster 2
UK376,Wallace: unknown cluster 2
UK377,Wallace: unknown cluster 2
UK378,Wallace: unknown cluster 2
UK379,Wallace: unknown cluster 2
UK38,Wallace: unknown cluster 1
UK380,Wallace: unknown cluster 2
UK381,Wallace: unknown cluster 2
UK382,Wallace: unknown cluster 2
UK383,Wallace: unknown cluster 2
UK384,Wallace: unknown cluster 2
UK385,Wallace: unknown cluster 2
UK386,Wallace: unknown cluster 2
UK387,Wallace: unknown cluster 2
UK388,Wallace: unknown cluster 2
UK389,Wallace: unknown cluster 2
UK39,Wallace: unknown cluster 1
UK390,Wallace: unknown cluster 2
UK391,Wallace: unknown cluster 2
UK392,Wallace: unknown cluster 2
UK393,Wallace: unknown cluster 2
UK394,Wallace: unknown cluster 2
UK395,Wallace: unknown cluster 2
UK396,Wallace: unknown cluster 2
UK397,Wallace: unknown cluster 2
UK398,Wallace: unknown cluster 2
UK399,Wallace: unknown cluster 2
UK4,Wallace: unknown cluster 1
UK40,Wallace: unknown cluster 1
UK41,Wallace: unknown cluster 1
UK42,Wallace: unknown cluster 1
UK43,Wallace: unknown cluster 1
UK44,Wallace: unknown cluster 1
UK45,Wallace: unknown cluster 1
UK46,Wallace: unknown cluster 1
UK47,Wallace: unknown cluster 1
UK48,Wallace: unknown cluster 1
UK49,Wallace: unknown cluster 1
UK5,Wallace: unknown cluster 1
UK50,Wallace: unknown cluster 1
UK51,Wallace: unknown cluster 1
UK52,Wallace: unknown cluster 1
UK53,Wallace: unknown cluster 1
UK54,Wallace: unknown cluster 1
UK55,Wallace: unknown cluster 1
UK56,Wallace: unknown cluster 1
UK57,Wallace: unknown cluster 1
UK58,Wallace: unknown cluster 1
UK59,Wallace: unknown cluster 1
UK6,Wallace: unknown cluster 1
UK60,Wallace: unknown cluster 1
UK61,Wallace: unknown cluster 1
UK62,Wallace: unknown cluster 1
UK63,Wallace: unknown cluster 1
UK64,Wallace: unknown cluster 1
UK65,Wallace: unknown cluster 1
UK66,Wallace: unknown cluster 1
UK67,Wallace: unknown cluster 1
UK68,Wallace: unknown cluster 1
UK69,Wallace: unknown cluster 1
UK7,Wallace: unknown cluster 1
UK70,Wallace: unknown cluster 1
UK71,Wallace: unknown cluster 1
UK72,Wallace: unknown cluster 1
UK73,Wallace: unknown cluster 1
UK74,Wallace: unknown cluster 1
UK75,Wallace: unknown cluster 1
UK76,Wallace: unknown cluster 1
UK77,Wallace: unknown cluster 1
UK78,Wallace: unknown cluster 1
UK79,Wallace: unknown cluster 1
UK8,Wallace: unknown cluster 1
UK80,Wallace: unknown cluster 1
UK81,Wallace: unknown cluster 2
UK82,Wallace: unknown cluster 2
UK83,Wallace: unknown cluster 2
UK84,Wallace: unknown cluster 2
UK85,Wallace: unknown cluster 2
UK86,Wallace: unknown cluster 2
UK87,Wallace: unknown cluster 2
UK88,Wallace: unknown cluster 2
UK89,Wallace: unknown cluster 2
UK9,Wallace: unknown cluster 1
UK90,Wallace: unknown cluster 2
UK91,Wallace: unknown cluster 2
UK92,Wallace: unknown cluster 2
UK93,Wallace: unknown cluster 2
UK94,Wallace: unknown cluster 2
UK95,Wallace: unknown cluster 2
UK96,Wallace: unknown cluster 2
UK97,Wallace: unknown cluster 2
UK98,Wallace: unknown cluster 2
UK99,Wallace: unknown cluster 2
